#{"t_start": 1684228389.0110462, "env_id": "ur5e-v0"}
r,l,t
-4.780497,11,7.731503
-8.081983,1,7.932395
-7.975266,1,8.14977
-11.037826,1,8.368426
-8.02233,1,8.569293
-9.684858,2,8.927896
-5.131757,1,9.138878
-8.053224,1,9.35146
-8.015995,1,9.55214
-6.2421,1,9.762556
-7.498975,12,14.206119
-28.106268,23,21.250396
-6.490113,13,24.551155
-2.470916,13,29.739696
-8.434015,14,35.24576
-2.575258,11,39.632017
-4.948945,1,39.808659
-8.092097,1,40.077176
-8.0035,1,40.295732
-7.996739,1,40.50497
-4.939354,1,40.727996
-9.893578,2,41.07982
-9.925161,2,41.483836
-5.280021,1,41.706871
-8.696729,1,41.954237
-14.433927,4,42.566777
-14.509993,4,43.239692
-9.974067,2,43.594325
-4.786935,1,43.798476
-12.110757,3,44.263962
-7.262368,2,44.616889
-7.038312,2,45.016824
-9.501495,2,45.37216
-7.767156,2,45.755538
-7.937175,1,45.97078
-4.646859,1,46.178872
-13.549092,2,46.542798
-5.236807,1,46.758801
-8.041436,1,46.965277
-13.80346,2,47.353722
-10.646708,1,47.552754
-5.221451,1,47.772683
-8.55131,1,47.986436
-7.98702,1,48.197325
-7.028098,2,48.610979
-10.725773,1,48.818448
-7.93308,1,49.023722
-13.179625,2,49.386451
-16.308405,4,50.115385
-4.639744,1,50.327752
-6.938086,2,50.681794
-5.060303,1,50.872898
-7.17751,1,51.081944
-6.383767,1,51.291403
-8.792473,12,55.280101
-8.363386,14,60.935045
-2.651435,11,65.337256
-13.058872,3,65.920892
-10.978672,1,66.178719
-10.145769,2,66.539518
-7.922358,1,66.745344
-7.890649,1,66.953964
-8.047241,1,67.160214
-7.863329,1,67.372582
-8.156339,1,67.576854
-8.103005,1,67.780301
-8.016263,1,67.99526
-5.0097,1,68.20666
-8.151737,1,68.430831
-12.905748,5,69.19574
-4.912994,1,69.404815
-7.081904,2,69.76597
-4.98359,1,69.989076
-11.022711,4,70.652559
-8.00251,1,70.873879
-5.021797,1,71.084899
-12.170936,3,71.585388
-7.020222,2,71.956902
-5.077901,1,72.160315
-7.975406,1,72.366986
-11.994564,3,72.88139
-7.78622,1,73.094913
-4.963516,1,73.302876
-5.121632,1,73.510827
-4.788795,1,73.722336
-5.005391,1,73.920833
-9.951924,2,74.288343
-6.954796,2,74.654038
-8.0111,1,74.860066
-8.181832,1,75.070487
-4.744502,1,75.331412
-8.15405,1,75.534574
-5.032323,1,75.744912
-5.009183,1,75.956043
-8.04813,1,76.161003
-11.49006,11,80.257921
-7.773299,11,82.887488
-3.068609,1,83.105362
-2.998377,2,83.480034
-8.487803,12,87.988536
-12.450033,14,91.396795
-6.691613,12,94.190178
-2.957908,1,94.455106
-5.051201,1,94.695899
-8.136982,1,94.899848
-10.002139,2,95.2712
-7.839029,1,95.475124
-8.041589,1,95.688673
-4.997289,1,95.885252
-7.927882,1,96.094989
-5.04805,1,96.303435
-7.168274,2,96.671897
-7.847803,1,96.886293
-5.252677,1,97.095685
-8.168341,1,97.3554
-7.976491,1,97.578327
-11.039976,1,97.779027
-7.982063,1,97.979032
-7.956494,1,98.199616
-7.950069,1,98.420341
-4.947549,1,98.6287
-7.956916,1,98.846435
-8.141555,1,99.049845
-7.048716,2,99.464836
-4.861022,1,99.670877
-7.595663,1,99.880112
-7.434017,2,100.240262
-5.15641,1,100.502892
-15.503336,13,105.253613
-12.325541,14,110.707479
-11.580867,11,115.24307
-12.370145,16,121.309669
-4.647606,10,125.563752
-10.193215,3,126.216687
-10.920308,4,126.953406
-7.95017,1,127.23973
-12.599148,3,127.79371
-7.85398,1,128.001204
-7.772059,1,128.206673
-8.014299,1,128.420988
-7.920664,1,128.639555
-11.206203,1,128.902853
-11.977115,3,129.416041
-10.323308,2,129.788264
-8.257469,1,130.066337
-4.837753,1,130.316432
-9.955813,2,130.732974
-7.831541,1,130.938834
-11.651411,3,131.464995
-7.926831,1,131.730062
-11.215384,1,131.999333
-10.932949,1,132.200341
-8.289113,1,132.407112
-8.01556,1,132.63266
-8.058928,1,132.842914
-4.666322,1,133.055101
-7.292569,2,133.410257
-9.861785,2,133.783937
-7.733615,1,134.046924
-11.721393,3,134.623904
-5.127689,1,134.832324
-7.543519,1,135.041385
-4.818345,1,135.244514
-5.054914,1,135.452934
-7.925054,1,135.673683
-13.032266,5,136.518074
-8.431834,1,136.72887
-8.610445,1,136.933259
-5.190337,1,137.139862
-5.042469,1,137.356115
-8.978479,3,137.877145
-8.555042,1,138.091472
-8.332344,1,138.305897
-10.04634,2,138.66345
-7.991477,1,138.880007
-4.327132,1,139.111748
-20.456743,18,145.33861
-10.445602,12,148.315112
-14.641819,11,152.665454
-2.818852,2,153.273106
-18.424617,15,157.268487
-8.532679,11,161.788879
-8.670343,10,164.226018
-12.486879,14,167.532506
-6.752405,10,171.71486
-6.657509,12,176.117992
-28.452861,13,180.475962
-26.147239,20,188.575613
-4.660229,11,192.971144
-6.76697,14,197.749909
-10.030383,5,198.942872
-8.993226,3,199.528049
-8.129877,1,199.743999
-7.973292,1,199.958303
-9.840285,2,200.331139
-4.989351,1,200.541175
-8.062548,1,200.748566
-10.123293,2,201.124793
-4.961591,1,201.39165
-8.032807,1,201.649719
-7.922383,1,201.862576
-4.927369,1,202.076634
-15.328827,3,202.603823
-10.181998,2,202.966192
-8.05395,1,203.178014
-5.022391,1,203.390682
-4.96677,1,203.608878
-10.212425,2,203.98139
-7.486451,2,204.349529
-7.750588,1,204.607271
-5.62735,1,204.828313
-4.660539,1,205.077252
-5.19662,1,205.288106
-7.802296,1,205.489045
-8.035592,1,205.692144
-7.929155,1,205.894776
-7.900847,1,206.096581
-7.826813,1,206.30999
-10.940838,1,206.517557
-8.129947,1,206.95983
-7.237922,1,207.240972
-2.985505,1,207.4514
-8.673957,12,211.381426
-7.048577,2,211.745156
-8.107813,1,211.943404
-8.0581,1,212.161524
-5.237708,1,212.374224
-7.742866,1,212.621789
-8.419301,1,212.828396
-8.122922,1,213.035551
-8.805228,2,213.40733
-9.88975,11,217.162584
-10.007699,2,217.527402
-4.83107,1,217.742403
-8.015991,1,217.959082
-8.058655,1,218.169402
-7.853449,1,218.387392
-10.016322,2,218.769896
-7.667759,1,218.971328
-7.06885,2,219.356382
-8.325714,1,219.56364
-14.686047,13,224.300304
-15.544853,12,227.696672
-9.724805,10,232.092633
-7.99995,1,232.317108
-7.927344,1,232.531511
-8.030721,1,232.74791
-5.049206,1,232.947505
-5.085116,1,233.163081
-5.040718,1,233.37581
-8.038147,1,233.599996
-7.746231,1,233.799088
-7.988042,1,234.063891
-8.372262,1,234.281516
-7.922853,1,234.503848
-10.599088,12,237.159808
-16.336906,14,242.930021
-14.371612,13,248.35662
-11.571167,12,253.464908
-10.789151,12,258.089188
-4.847698,1,258.294956
-8.032402,1,258.511539
-4.777032,1,258.726142
-12.171416,3,259.267353
-8.321713,1,259.477992
-4.685563,1,259.691794
-7.867812,1,259.956829
-4.639531,1,260.217935
-8.503698,1,260.435834
-7.884521,1,260.635965
-4.98284,1,260.870935
-7.34331,2,261.229661
-5.357268,1,261.45593
-7.685918,1,261.667104
-7.99177,1,261.882602
-8.668921,1,262.092264
-7.930901,1,262.294153
-8.158071,1,262.517348
-6.851016,2,262.874713
-10.470183,2,263.245187
-8.192708,1,263.456804
-7.318401,1,263.665997
-8.712002,1,263.886263
-15.328918,3,264.401424
-8.292424,1,264.692984
-7.225612,1,264.957952
-9.962883,2,265.332219
-4.729693,1,265.548291
-8.059028,1,265.748484
-11.668032,3,266.342867
-12.112812,3,266.877025
-8.005819,1,267.083904
-7.488496,1,267.296752
-4.403489,1,267.501533
-7.037444,2,267.881229
-7.994318,1,268.086148
-8.094533,1,268.30086
-8.585136,1,268.523584
-7.751939,1,268.72249
-6.751282,2,269.095361
-8.032126,1,269.305305
-4.723722,1,269.506683
-10.124562,2,269.877105
-8.015914,1,270.079449
-8.807708,1,270.350802
-4.748819,1,270.559891
-7.884275,1,270.770562
-8.274601,1,270.977183
-8.129693,1,271.181363
-7.792785,1,271.39347
-5.301218,1,271.612906
-11.255932,1,271.822868
-10.555587,4,272.512031
-7.945088,1,272.764775
-8.070438,1,272.978992
-7.77093,2,273.33291
-7.840327,1,273.588671
-5.283107,1,274.077137
-4.522576,1,274.384895
-19.553783,14,279.491949
-18.830928,13,284.216996
-8.089407,1,284.446021
-5.128618,1,284.706105
-8.19508,1,284.929482
-5.034325,1,285.134014
-6.977184,2,285.502233
-8.027075,1,285.711184
-8.19677,1,285.920867
-5.054284,1,286.132802
-4.983844,1,286.345883
-12.137466,3,286.89025
-7.835452,1,287.098343
-5.010927,1,287.357844
-5.117598,1,287.57107
-8.022066,1,287.787694
-8.011455,1,288.002881
-10.958807,11,291.951013
-13.13168,13,296.180784
-7.861396,1,296.379633
-11.111218,1,296.587054
-7.805212,1,296.798558
-7.98386,1,297.015207
-5.173625,1,297.2236
-11.066619,1,297.433193
-4.924484,1,297.648454
-7.877055,1,297.860413
-6.817733,2,298.280889
-7.912167,1,298.499262
-8.039277,1,298.712588
-7.651764,1,298.928998
-7.937635,1,299.146574
-7.707922,1,299.359475
-14.933926,3,299.890167
-4.627732,1,300.109113
-8.393818,1,300.387331
-7.974254,1,302.401971
-7.887764,1,302.615542
-4.854832,1,302.887901
-5.23443,1,303.092135
-7.993706,1,303.305934
-5.326283,1,303.516012
-7.810678,1,303.734137
-7.010937,2,304.102265
-5.232682,1,304.319387
-10.309417,2,304.738333
-4.95725,1,304.949247
-8.287205,1,305.168716
-12.556281,3,305.691494
-7.56654,1,305.890559
-8.337751,1,306.09769
-8.346259,1,306.306957
-8.290737,1,306.513814
-8.153653,1,306.710131
-8.456245,1,306.919212
-8.667572,1,307.125473
-8.143147,1,307.324795
-7.944617,1,307.531034
-8.422946,1,307.734125
-7.972833,1,308.005293
-7.745098,1,308.200403
-11.083945,1,308.42121
-8.305209,1,308.627368
-8.3244,1,308.832408
-8.22315,1,309.037271
-7.51773,1,309.244931
-5.030729,1,309.456042
-8.05586,1,309.675792
-7.254043,2,310.09778
-8.095686,1,310.30261
-7.834019,1,310.521693
-4.980986,1,310.730975
-12.696053,11,314.51456
-5.284293,1,314.732977
-4.944909,1,314.954325
-4.861992,1,315.168795
-5.011077,1,315.375371
-6.801704,2,315.74279
-8.134705,1,315.965282
-7.934996,1,316.215441
-6.975007,2,316.590117
-13.819511,4,317.286112
-8.016558,1,317.493605
-5.266479,1,317.723125
-7.954531,1,317.922172
-8.014948,1,318.128628
-7.692343,1,318.345156
-7.843398,1,318.554418
-4.999705,1,318.76851
-8.277815,1,318.985599
-7.946969,1,319.192228
-7.059047,2,319.565197
-8.184175,1,319.793107
-5.034745,1,320.058064
-8.086673,1,320.252748
-9.756502,2,320.645085
-6.911562,2,321.066011
-5.16853,1,321.276692
-8.066274,1,321.486509
-10.009558,2,321.862896
-10.508897,2,322.243603
-5.03324,1,322.466383
-8.362787,1,322.678409
-7.969242,1,322.88833
-10.31384,2,323.260438
-7.754486,1,323.473318
-7.924973,1,323.692612
-12.541261,11,327.684677
-33.222353,20,332.795632
-16.71863,13,335.83912
-9.968065,2,336.198069
-8.000601,1,336.414585
-7.863683,1,336.625567
-10.510493,2,337.007186
-7.982334,1,337.210305
-7.806028,1,337.422841
-8.142814,1,337.636761
-7.896051,1,337.847423
-4.862439,1,338.108296
-7.936953,1,338.326079
-8.173459,1,338.539962
-9.538151,2,338.912871
-8.044679,1,339.126865
-8.34338,1,339.332715
-4.920012,1,339.547807
-7.850137,1,339.756004
-7.16269,2,340.1264
-20.569654,14,345.196509
-15.549035,13,350.179059
-20.66356,14,353.40911
-44.438536,27,359.759768
-7.120486,2,360.0517
-25.876202,10,361.96504
-6.999721,2,362.445354
-25.14187,11,365.551955
-8.940677,4,366.577303
-3.073993,3,367.158
-7.014827,2,367.665333
-14.043938,9,369.528874
-7.868911,2,370.089005
-8.948332,3,371.099849
-2.964257,3,371.970152
-3.010277,3,372.978035
-5.924714,5,374.422155
-2.847299,14,377.995834
-5.955456,1,378.371565
-6.961813,7,380.129567
-4.87364,3,380.807727
-4.986421,4,381.76908
-7.875942,2,382.24394
-19.592136,12,385.503575
-11.93902,3,386.349238
-18.602995,10,389.130848
-14.996418,3,389.721382
-5.008959,1,389.916696
-13.983632,4,390.638961
-15.012583,3,391.156832
-10.999753,1,391.349981
-11.004022,1,391.596706
-11.010377,1,391.850469
-12.993257,2,392.280379
-7.989781,1,392.485225
-11.0029,1,392.743812
-4.99999,1,392.935371
-7.98805,1,393.132898
-7.967962,1,393.415842
-22.684459,10,397.716098
-20.648371,11,400.75116
-7.982351,1,400.973959
-7.01825,2,401.516304
-7.997354,1,401.843039
-27.059236,10,404.216755
-13.86879,11,406.510096
-7.992498,1,406.77112
-17.95549,6,407.862407
-9.990243,2,408.31356
-13.984959,11,410.751142
-17.632345,12,413.49934
-26.767822,16,417.709521
-13.601337,11,420.667909
-31.727565,20,428.030572
-18.622319,11,431.128663
-8.014837,1,431.323415
-16.959291,11,433.644235
-7.979842,1,433.882052
-7.001399,2,434.322342
-11.005103,1,434.538129
-13.002952,2,434.983361
-8.006597,1,435.197181
-8.018261,1,435.42294
-7.999659,1,435.642631
-10.007635,2,436.135695
-5.000577,1,436.344655
-9.133072,11,438.813573
-5.017479,1,439.304774
-8.012616,1,439.442645
-14.945687,12,442.060187
-11.02136,1,442.378936
-7.968143,1,442.598387
-16.998385,4,443.430043
-6.993538,2,443.808345
-7.997085,1,444.052019
-8.019323,1,444.29683
-16.990279,4,445.173614
-5.007798,1,445.424971
-8.001599,1,445.6653
-7.918288,1,445.927681
-8.006795,1,446.120229
-18.758383,17,450.041665
-29.182781,21,455.475574
-6.667451,10,458.371826
-8.006017,1,458.682755
-10.955292,1,458.928801
-7.981753,1,459.103968
-15.039834,12,461.65673
-10.998281,1,461.972863
-8.000458,1,462.260063
-7.011723,2,462.757225
-5.005197,1,463.067637
-8.000709,1,463.381001
-7.975666,1,463.738077
-7.994906,1,464.021224
-7.984621,1,464.258775
-7.99999,1,464.492709
-14.998039,3,465.121739
-8.012953,1,465.355209
-9.990459,14,468.192572
-11.016805,1,468.473433
-8.891335,3,469.278045
-26.19115,22,476.833633
-10.431491,14,480.733304
-10.411647,15,484.441933
-4.529574,11,489.126542
-11.940166,14,494.046055
-7.852881,1,494.250214
-8.055173,1,494.461445
-5.021066,1,494.678816
-8.003503,1,494.894309
-5.108214,1,495.149617
-4.9958,1,495.363406
-8.031825,1,495.576317
-7.98285,1,495.791232
-7.948386,1,495.991899
-8.171818,1,496.208532
-7.937473,1,496.415492
-4.971307,1,496.629107
-8.043935,1,496.839719
-8.017767,1,497.108377
-5.011183,1,497.309897
-7.975526,1,497.525137
-7.972894,1,497.737914
-7.963852,1,497.954684
-5.004838,1,498.1731
-8.298794,1,498.37654
-8.023947,1,498.588248
-4.782102,1,498.84892
-10.032311,2,499.226964
-8.005592,1,499.433953
-7.993629,1,499.64579
-7.997431,1,499.856612
-4.984809,1,500.062824
-6.152238,1,500.290427
-4.563531,10,504.017727
-8.662838,11,508.291333
-4.921017,1,508.576545
-10.390971,14,514.098258
-6.521211,12,518.670145
-2.656379,11,523.052292
-4.927601,1,523.714007
-10.525537,12,528.760458
-17.457661,14,534.313696
-13.524017,13,539.627999
-23.275871,20,544.409277
-9.550353,11,548.824418
-5.190499,11,552.538153
-4.805847,1,552.743398
-5.067089,1,552.964589
-8.090793,1,553.175831
-19.605079,17,559.35035
-4.688068,10,563.580172
-9.040027,1,563.821872
-2.933608,1,564.221613
-2.972993,1,564.472655
-4.940388,2,564.791131
-6.023301,1,565.07493
-3.001061,1,565.333722
-8.059381,1,565.578278
-10.062058,2,565.935282
-8.046312,1,566.159321
-5.01235,1,566.35786
-8.150189,1,566.566783
-4.862518,1,566.792159
-4.942797,1,567.052449
-7.790207,1,567.269376
-9.118579,3,567.831598
-4.971545,1,568.071545
-7.858917,1,568.291372
-9.995329,2,568.653176
-5.015255,1,568.866866
-8.205397,1,569.076281
-4.850283,1,569.284598
-7.973622,1,569.501094
-6.674319,2,569.886481
-7.001478,2,570.23754
-8.04103,1,570.457372
-8.872636,3,570.987144
-4.838686,1,571.193776
-7.858349,1,571.404512
-7.802475,1,571.617069
-7.828947,1,571.875654
-7.949187,1,572.086798
-8.097146,1,572.30075
-11.340716,1,572.51625
-7.986974,1,572.739534
-8.115592,1,572.943836
-7.823421,1,573.160798
-7.076136,2,573.53372
-4.6506,1,573.795507
-5.120736,1,574.006923
-7.517812,1,574.217122
-4.642311,1,574.427377
-10.637582,2,574.791388
-8.138038,1,575.001656
-8.178124,1,575.212564
-8.53051,1,575.461149
-8.687847,1,575.677494
-7.452698,1,575.885873
-4.632694,1,576.077494
-18.462744,17,581.826513
-28.149906,21,592.133818
-9.989053,2,592.546451
-14.622902,10,595.35358
-10.991385,1,595.588388
-10.9929,1,595.791904
-9.000489,3,596.455917
-10.579405,12,599.727099
-12.742641,5,601.327122
-6.679002,11,605.791294
-11.87527,3,607.034502
-6.696884,11,611.300902
-7.951283,1,611.645839
-12.481959,13,616.780566
-22.213523,18,621.131032
-17.519902,15,626.998627
-8.02902,1,627.219504
-8.02719,1,627.436495
-8.047721,1,627.66776
-7.983527,1,627.889868
-7.845898,1,628.109199
-8.030507,1,628.324894
-7.950134,1,628.547273
-8.057341,1,628.771126
-8.014316,1,629.043812
-5.208998,1,629.312742
-17.604513,14,634.690929
-14.308627,14,640.539486
-11.62551,12,645.321771
-7.970143,1,645.563541
-14.010495,4,646.361826
-8.020981,1,646.571697
-8.00404,1,646.797434
-10.016855,2,647.255715
-7.976919,1,647.480084
-11.026218,1,647.712757
-13.997786,4,648.460321
-12.004088,3,649.087912
-8.004852,1,649.314478
-8.009044,1,649.610675
-11.000136,1,649.838839
-12.979027,12,652.288181
-22.73446,10,657.209145
-10.507533,13,661.770192
-7.935496,12,664.391715
-11.030431,1,664.656532
-11.013117,1,664.914997
-8.000326,1,665.170975
-7.997688,1,665.417515
-13.007756,2,665.844573
-8.009552,1,666.088987
-16.709392,13,669.345238
-7.99509,1,669.595715
-8.986652,5,670.69923
-10.97183,1,670.926939
-8.002396,1,671.344079
-10.996591,1,671.63291
-11.030802,1,671.894614
-10.982642,1,672.232332
-12.994992,2,672.77493
-11.977859,13,675.654247
-7.986672,1,676.047378
-8.080597,2,676.502361
-5.054962,1,676.720554
-7.892138,1,676.931237
-6.891069,2,677.305176
-8.166308,1,677.507926
-8.212949,1,677.721327
-7.702484,1,677.938606
-8.062225,1,678.160682
-8.50965,1,678.371875
-5.274829,1,678.632423
-8.242644,1,678.901019
-4.797308,1,679.154411
-6.938114,2,679.532627
-5.205343,1,679.733621
-4.811014,11,683.401234
-8.378578,14,688.875757
-13.449593,14,694.714661
-9.719755,11,697.320998
-8.05593,1,697.515252
-4.949772,1,697.785051
-8.202821,1,697.988132
-10.097967,2,698.35829
-6.015209,1,698.565828
-4.542359,11,702.648942
-2.748281,13,707.323477
-9.954521,2,707.782268
-7.99854,1,707.984622
-7.990368,1,708.186261
-12.003945,3,708.727039
-9.999097,2,709.125649
-10.995164,1,709.32369
-10.978775,1,709.582045
-30.512448,26,717.082541
-2.692309,10,721.354652
-7.529899,12,726.002131
-11.496095,14,731.542307
-4.747607,10,736.03932
-10.087192,2,736.449208
-5.026863,1,736.726182
-8.917468,3,737.243922
-4.937892,1,737.462223
-3.190648,1,737.673853
-12.366975,17,743.870754
-10.302135,15,750.20532
-8.851018,11,754.507759
-8.140446,1,754.734849
-9.227194,3,755.322201
-5.218367,1,755.538572
-7.966206,1,755.751137
-6.971574,12,759.844579
-8.033509,1,760.069145
-7.957127,1,760.332386
-4.983356,1,760.603183
-8.005094,1,760.816388
-2.895965,10,764.40928
-11.001415,2,764.958997
-6.994436,2,765.636533
-8.00453,1,765.992883
-7.999433,1,766.502512
-5.063312,2,767.03617
-12.002534,3,767.565302
-7.468235,2,767.934869
-7.922586,1,768.144828
-8.284488,1,768.415291
-5.016985,1,768.636781
-6.930524,2,769.011841
-7.815582,1,769.233373
-8.423617,1,769.443007
-7.696204,1,769.649008
-8.288658,1,769.868999
-8.294861,1,770.087211
-13.327339,2,770.523236
-7.749968,1,770.731654
-9.610704,2,771.103723
-8.304619,1,771.323751
-7.823037,1,771.578507
-4.854692,1,771.804088
-7.956735,1,772.012848
-7.907475,1,772.235999
-4.907404,1,772.488143
-9.898465,2,772.880733
-8.201259,1,773.102651
-7.547612,1,773.305671
-8.397223,1,773.521895
-8.096065,1,773.74959
-8.100354,1,773.943083
-4.806635,1,774.214474
-5.013006,1,774.43795
-5.099041,1,774.65748
-10.326194,2,775.020437
-12.593819,3,775.555113
-9.754973,1,775.780166
-8.28192,1,776.000925
-8.056337,1,776.266566
-12.16221,1,776.568181
-13.971199,4,777.23792
-13.607601,2,777.604752
-5.257274,1,777.820596
-9.363893,2,778.186267
-9.118826,1,778.630829
-11.31683,1,778.848502
-7.071837,1,779.056938
-8.634004,1,779.273821
-8.342603,1,779.46974
-10.130008,1,779.68272
-8.054391,1,780.045434
-10.974736,1,780.302686
-6.229647,1,780.638495
-10.591452,4,781.320446
-8.837529,3,781.831129
-7.848332,1,782.041587
-4.890152,1,782.314872
-12.206984,3,782.838118
-5.287045,1,783.048505
-7.775584,1,783.263982
-8.019797,1,783.458072
-10.634937,4,784.149441
-7.148739,2,784.510846
-9.372976,2,784.88304
-8.410148,1,785.150858
-8.729292,1,785.370314
-4.106471,1,785.645896
-9.142046,1,785.943327
-8.309056,1,786.146707
-7.957285,1,786.365013
-11.095393,1,786.762474
-8.046947,1,787.008412
-12.477672,3,787.519385
-7.872667,1,787.74498
-11.045797,1,788.004198
-10.904826,1,788.256308
-5.057784,1,788.546549
-9.942537,10,792.457708
-5.000192,1,792.693722
-7.984299,1,792.951137
-5.007758,1,793.154572
-7.975196,1,793.387102
-7.871598,1,793.599674
-5.078873,1,793.810597
-4.838745,1,794.027277
-8.201653,1,794.251797
-7.848575,1,794.506001
-8.022516,1,794.721782
-5.324074,1,794.935463
-5.223707,1,795.151155
-7.016484,2,795.534335
-5.340279,1,795.746145
-10.194787,2,796.132807
-8.009583,1,796.350944
-8.049891,1,796.565646
-7.873392,1,796.781941
-4.931589,1,797.009074
-8.622514,10,800.636152
-26.17371,19,808.200025
-13.669322,12,812.92373
-8.11877,1,813.179405
-8.105901,1,813.390291
-7.896558,1,813.598999
-8.056356,1,813.818773
-5.018471,1,814.040926
-5.136689,1,814.249797
-4.996714,1,814.469719
-5.097357,1,814.685408
-4.972923,1,814.901704
-8.059329,1,815.179961
-8.033366,1,815.392641
-8.054175,1,815.603304
-5.165998,1,815.817458
-6.195388,1,816.030279
-13.736385,13,820.243166
-8.007275,1,820.467564
-7.992658,1,820.754825
-9.99241,2,821.136207
-8.310074,1,821.345946
-10.067808,2,821.721921
-8.187658,1,821.986641
-3.101785,1,822.248727
-16.442935,14,827.383762
-27.294099,18,834.486135
-26.100485,21,841.823319
-14.415005,15,847.832978
-7.780535,10,851.91665
-5.039837,1,852.134437
-4.984717,1,852.394312
-7.784075,1,852.604089
-8.100202,1,852.821018
-8.211709,1,853.03622
-3.245577,1,853.239425
-6.664468,10,856.969686
-16.637205,12,861.495598
-9.911955,2,862.450929
-25.278544,17,866.624971
-12.393931,13,872.430449
-11.708343,10,876.558809
-7.941861,1,876.924442
-12.40429,12,882.275764
-15.401498,14,887.725515
-14.376624,10,891.934283
-10.158082,2,892.352178
-7.943117,1,892.628092
-5.002104,1,892.849411
-4.887208,1,893.069166
-8.004645,1,893.293146
-7.945485,1,893.520934
-7.921219,1,893.743891
-8.046102,1,893.986455
-10.03082,2,894.367472
-5.055067,1,894.597833
-8.007283,1,894.821809
-7.949054,1,895.043187
-4.969629,1,895.288339
-4.960627,1,895.502002
-9.882239,2,895.900995
-4.980117,1,896.125922
-3.372387,1,896.338913
-10.566038,13,900.685864
-8.687116,11,905.102312
-10.964114,12,909.713923
-11.665423,3,910.29686
-8.031971,1,910.519336
-3.155543,1,910.73739
-14.393834,13,915.891866
-13.535613,13,922.943068
-8.750645,12,925.96566
-10.218765,2,926.306291
-8.11545,1,926.569039
-8.029758,1,926.781746
-7.962435,1,926.982656
-8.032968,1,927.196839
-8.080038,1,927.403619
-8.239486,1,927.616591
-5.203224,1,927.829119
-4.804229,1,928.046517
-9.927421,2,928.422061
-7.322338,2,928.794376
-10.649107,1,929.002831
-8.216057,1,929.21398
-5.033688,1,929.427732
-10.540211,1,929.641045
-7.562537,1,929.856571
-7.644192,1,930.123319
-5.414725,1,930.335808
-7.851356,1,930.554611
-4.98795,1,930.761277
-10.737837,10,934.307213
-19.879647,13,938.796831
-10.963057,1,939.016887
-4.935777,1,939.288095
-7.665644,1,939.494702
-4.901333,1,939.706403
-8.080895,1,939.918591
-8.078051,1,940.123013
-7.86084,1,940.342106
-7.987877,1,940.566209
-4.995794,1,940.780292
-7.809841,1,940.989059
-5.36815,1,941.205587
-6.845595,2,941.635717
-7.939946,1,941.852999
-7.964686,1,942.058942
-7.934796,1,942.271635
-8.113168,1,942.484519
-7.022546,2,942.861419
-8.009658,1,943.076077
-8.179787,1,943.302463
-11.141008,1,943.552119
-5.011604,1,943.772755
-9.613526,2,944.143079
-8.39602,1,944.348863
-7.890848,1,944.556625
-8.661018,3,945.058067
-11.385491,1,945.271364
-4.912404,1,945.470443
-9.684311,1,945.862466
-8.869352,1,946.055305
-7.986849,1,946.261396
-10.259175,2,946.618671
-3.901015,2,946.989202
-12.724421,11,950.755716
-15.968306,12,955.78308
-7.772587,1,956.000947
-5.031209,1,956.263074
-4.944361,1,956.475834
-7.907945,1,956.731525
-8.15992,1,956.970221
-5.130977,1,957.180914
-8.172389,1,957.398113
-8.205834,1,957.610958
-5.068158,1,957.813595
-8.028392,1,958.027734
-7.957423,1,958.287653
-5.009995,1,958.500859
-11.005772,1,958.722529
-8.0107,1,958.924038
-5.001881,1,959.138268
-8.140307,1,959.350716
-8.017296,1,959.56484
-11.129399,1,959.777316
-8.01599,1,959.993781
-7.945104,1,960.254001
-9.940093,2,960.625533
-7.994226,1,960.842413
-5.082014,1,961.053293
-9.921942,2,961.420955
-8.077493,1,961.634174
-5.121319,1,961.84645
-9.98094,2,962.224329
-8.00559,1,962.490986
-10.124052,2,962.916317
-6.972995,2,963.298555
-8.160508,1,963.5097
-12.008189,3,964.028503
-7.975245,1,964.243527
-4.835056,1,964.450901
-11.011517,1,964.661591
-8.119884,1,964.87426
-5.03741,1,965.087577
-7.966065,1,965.29964
-6.556038,2,965.679109
-13.049093,2,966.094525
-8.089333,1,966.355685
-8.171332,1,966.56169
-11.058729,1,966.774566
-11.003569,1,966.980166
-5.420104,1,967.195831
-4.689398,1,967.404398
-9.035477,3,967.940988
-4.791147,1,968.151819
-8.281,1,968.360001
-5.183861,1,968.575984
-7.960472,1,968.843356
-18.487094,13,973.692225
-18.539925,13,978.891152
-13.762827,11,983.399242
-4.942221,1,983.679922
-4.941986,1,984.004751
-7.976158,1,984.196023
-4.970124,1,984.418791
-7.9948,1,984.639958
-7.952306,1,984.859841
-7.996407,1,985.068125
-8.383551,1,985.296091
-8.040307,1,985.519224
-8.090787,1,985.773815
-8.204813,1,986.023494
-4.944651,1,986.286364
-17.759178,12,990.000373
-7.744619,1,990.362946
-14.693562,12,994.983658
-6.798584,2,995.486222
-12.775753,11,999.832954
-10.021199,2,1000.209586
-10.00588,2,1000.63633
-12.746575,13,1004.765455
-16.53881,12,1009.909399
-12.543057,11,1012.836557
-17.749221,12,1016.006399
-8.038741,1,1016.21779
-8.083398,1,1016.495077
-8.001855,1,1016.705396
-4.999517,1,1016.953189
-4.830509,1,1017.23337
-7.98007,1,1017.451926
-7.906862,1,1017.668829
-7.980525,1,1017.879568
-7.965948,1,1018.108429
-8.102671,1,1018.32848
-11.057025,1,1018.544484
-11.08106,1,1018.75888
-10.305873,2,1019.139158
-7.836616,1,1019.394171
-4.671671,1,1019.60533
-5.047838,1,1019.822512
-4.853116,1,1020.026813
-5.338314,1,1020.235101
-4.680254,1,1020.467576
-7.961126,1,1020.690524
-14.598987,12,1024.884866
-18.375724,14,1030.874205
-17.507194,12,1036.016995
-18.355018,15,1042.207334
-16.373342,13,1047.799043
-20.817049,12,1052.376467
-4.970887,1,1052.617063
-10.009014,2,1053.040537
-7.93745,1,1053.260389
-2.999264,1,1053.472131
-18.748921,11,1057.251198
-7.893016,1,1057.47044
-14.753255,12,1061.908672
-18.471105,14,1067.660547
-15.931082,12,1072.293544
-10.197957,2,1072.670633
-8.084876,1,1072.92793
-4.95488,1,1073.146198
-17.028918,13,1077.34525
-8.052691,1,1077.56663
-7.961918,1,1077.836599
-4.947091,1,1078.058059
-9.894712,2,1078.428947
-8.154474,1,1078.644541
-7.886828,1,1078.859261
-4.962701,1,1079.072139
-8.369245,1,1079.292866
-8.184813,1,1079.512148
-7.993726,1,1079.724321
-7.885985,1,1079.940464
-5.000344,1,1080.208609
-7.788498,1,1080.426095
-8.201364,1,1080.651207
-4.913038,1,1080.853129
-8.044303,1,1081.062695
-8.18836,1,1081.334015
-5.009762,1,1081.600767
-6.997587,2,1081.987901
-8.187697,1,1082.197417
-8.017115,1,1082.412482
-4.928099,1,1082.624068
-8.02601,1,1082.85006
-7.940985,1,1083.052423
-4.98533,1,1083.267628
-10.135338,2,1083.636995
-7.783172,1,1083.894702
-3.279298,1,1084.099136
-15.762178,12,1088.686733
-6.012133,1,1088.98134
-14.195817,4,1089.795601
-5.134337,1,1090.006568
-5.00933,1,1090.210464
-4.948641,1,1090.437623
-8.020773,1,1090.645611
-10.029271,2,1091.020788
-4.997383,1,1091.235271
-5.02417,1,1091.445589
-7.933129,1,1091.658682
-10.174445,2,1092.042733
-5.008903,1,1092.301232
-11.690692,3,1092.826402
-9.923378,2,1093.203787
-7.857711,1,1093.467318
-5.001707,1,1093.730323
-6.120706,1,1093.989391
-14.829001,11,1097.748398
-9.001243,3,1098.283381
-7.117603,2,1098.697129
-5.001442,1,1099.088949
-4.663879,1,1099.300089
-5.097718,1,1099.510833
-5.995576,1,1099.788873
-19.950241,14,1104.118907
-5.025331,1,1104.329125
-8.135478,1,1104.539003
-5.013868,1,1104.752686
-9.979335,2,1105.119825
-8.050926,1,1105.340855
-4.645345,1,1105.543657
-4.88014,1,1105.770956
-7.891463,1,1106.035921
-6.097605,1,1106.234623
-12.729911,11,1110.047937
-14.894714,11,1114.405252
-7.904061,1,1114.614168
-4.9316,1,1114.884447
-4.838596,1,1115.09197
-5.281217,1,1115.312656
-4.642471,1,1115.523547
-12.937791,11,1119.231251
-22.687517,16,1124.849181
-12.697907,10,1127.462333
-13.801508,4,1128.557459
-14.550431,11,1131.394306
-10.698102,10,1133.871282
-7.88325,1,1134.069752
-7.953847,1,1134.339478
-8.064471,1,1134.594539
-5.187865,1,1134.79898
-4.888362,1,1135.01232
-11.925067,3,1135.557518
-10.801854,4,1136.254351
-7.049305,2,1136.680862
-7.998753,1,1136.89165
-6.266326,1,1137.095101
-18.763287,13,1141.92066
-5.150986,1,1142.219797
-8.083103,1,1142.499462
-7.95447,1,1142.702086
-8.050177,1,1142.933859
-7.987022,1,1143.147286
-4.958802,1,1143.420651
-5.100965,1,1143.618512
-5.027091,1,1144.00733
-18.531381,14,1148.932767
-31.22417,18,1153.440861
-16.81342,10,1157.637553
-10.063096,2,1158.049198
-4.99846,1,1158.319811
-7.985804,1,1158.522926
-4.920329,1,1158.747891
-7.97526,1,1158.969401
-7.879987,1,1159.16418
-8.039989,1,1159.376688
-4.955772,1,1159.592834
-4.953793,1,1159.819255
-7.929341,1,1160.081053
-7.917337,1,1160.291686
-5.013363,1,1160.504423
-8.112333,1,1160.7149
-8.210177,1,1160.931545
-7.905155,1,1161.149923
-5.071401,1,1161.358513
-11.895022,3,1161.88906
-15.243924,3,1162.4594
-4.820665,1,1162.666096
-4.928975,1,1162.882101
-4.993934,1,1163.09706
-4.811559,1,1163.35743
-4.729311,1,1163.580621
-10.382432,2,1163.958452
-8.391022,1,1164.155058
-7.016953,2,1164.517577
-5.005236,1,1164.895184
-19.598134,12,1169.249401
-23.842965,14,1172.509735
-5.055254,1,1172.741424
-7.918131,1,1172.947971
-7.982301,1,1173.177726
-7.845009,1,1173.395171
-22.984696,13,1177.628871
-7.903777,1,1177.841914
-4.903668,1,1178.055715
-4.924144,1,1178.270346
-8.005882,1,1178.486199
-8.5651,1,1178.710082
-7.177587,2,1179.104644
-9.618324,2,1179.612345
-7.895789,1,1179.833832
-8.100988,1,1180.048364
-16.729854,12,1184.109885
-4.873424,1,1184.345427
-6.995401,4,1185.058415
-7.005104,2,1185.49982
-10.107931,2,1185.935218
-8.039042,1,1186.151495
-8.388259,1,1186.36389
-4.928635,1,1186.582537
-18.694153,13,1191.47355
-19.661541,12,1194.419892
-4.994624,1,1194.656374
-29.699646,18,1199.290633
-19.700477,12,1202.767062
-12.025655,3,1203.288919
-4.8488,1,1203.553231
-4.982224,1,1203.767867
-12.192056,3,1204.36956
-7.794757,1,1204.596014
-8.166786,1,1204.834761
-8.068768,1,1205.074649
-10.799572,1,1205.342696
-7.789755,1,1205.619704
-7.606274,1,1205.837664
-8.337335,1,1206.045163
-8.181167,1,1206.262785
-4.978446,1,1206.490701
-8.023171,1,1206.71878
-11.083801,1,1206.923347
-5.0041,1,1207.195625
-5.13556,1,1207.404717
-6.933968,2,1207.803349
-8.21327,1,1208.011875
-6.997762,2,1208.403955
-4.823008,1,1208.711761
-7.980006,1,1208.954984
-12.663391,11,1212.858613
-4.982891,1,1213.063473
-5.05763,1,1213.275907
-8.946533,3,1213.810713
-7.858443,1,1214.029526
-4.911558,1,1214.255257
-7.790262,1,1214.460443
-8.027925,1,1214.679758
-6.932671,2,1215.118475
-7.773031,1,1215.32725
-7.920409,1,1215.544024
-4.928795,1,1215.761409
-7.119981,2,1216.132839
-4.916164,1,1216.345556
-8.208927,1,1216.560659
-8.094251,1,1216.777559
-7.968204,1,1217.038227
-6.893281,2,1217.418418
-26.674948,18,1225.002392
-18.473874,12,1230.172525
-24.742079,15,1235.217167
-8.152301,1,1235.42876
-7.895847,1,1235.690646
-12.151511,3,1236.230015
-7.914463,1,1236.509364
-5.154664,1,1236.733464
-6.194901,1,1236.927333
-14.694601,10,1240.804005
-21.794997,13,1245.701307
-8.017647,1,1245.898796
-7.864765,1,1246.127297
-8.195276,1,1246.328704
-7.999381,1,1246.547452
-8.132885,1,1246.768106
-7.997041,1,1246.964777
-8.049446,1,1247.186213
-8.055324,1,1247.392044
-10.982799,1,1247.664207
-9.034435,3,1248.205935
-10.145161,2,1248.628399
-8.000481,1,1248.894372
-5.113189,1,1249.105701
-8.036063,1,1249.316072
-7.967363,1,1249.529753
-8.02068,1,1249.740544
-8.076918,1,1249.95565
-12.027968,3,1250.489279
-21.829521,13,1254.573122
-9.93492,2,1254.951576
-8.208877,1,1255.172636
-7.953677,1,1255.442081
-8.017511,1,1255.66668
-5.029723,1,1255.877176
-7.901693,1,1256.091978
-9.950289,2,1256.472171
-4.951853,1,1256.667927
-9.830668,2,1257.039957
-8.18945,1,1257.250683
-8.059,1,1257.461655
-7.977685,1,1257.67165
-4.816949,1,1257.887269
-8.035228,1,1258.101165
-7.881174,1,1258.307091
-4.93018,1,1258.524957
-8.332653,1,1258.758175
-8.070434,1,1258.961716
-8.443585,1,1259.177819
-7.963908,1,1259.383052
-9.95222,2,1259.807462
-8.131479,1,1260.02778
-8.0238,1,1260.250119
-10.224542,2,1260.643742
-8.366189,1,1260.865083
-5.512353,1,1261.065068
-4.656851,1,1261.283731
-5.05595,1,1261.485468
-10.245777,2,1261.812494
-12.514384,3,1262.316764
-4.864098,1,1262.523934
-8.00221,1,1262.740146
-5.5973,1,1262.955586
-8.216397,1,1263.152755
-4.949529,1,1263.357436
-9.889281,2,1263.712567
-7.196097,2,1264.137524
-8.572364,1,1264.386981
-7.880305,1,1264.653817
-9.812773,2,1265.01204
-5.680803,1,1265.221165
-8.409518,1,1265.430995
-7.601544,1,1265.630988
-2.875842,1,1265.836135
-14.673351,10,1269.569536
-4.979941,1,1269.788729
-10.077727,3,1270.379497
-7.874821,1,1270.593675
-10.024776,2,1270.974828
-3.269831,1,1271.23089
-21.538194,12,1276.117015
-21.4932,13,1281.535976
-21.7981,13,1284.641866
-8.151694,1,1284.844886
-5.062583,1,1285.059492
-4.958874,1,1285.274547
-5.004631,1,1285.492659
-8.108473,1,1285.705472
-5.009117,1,1285.913433
-4.859413,1,1286.13129
-4.989182,1,1286.336112
-8.123368,1,1286.605822
-7.844545,1,1286.817967
-8.078612,1,1287.038746
-5.036963,1,1287.25861
-7.96571,1,1287.477879
-5.045743,1,1287.676163
-4.953207,1,1287.891827
-8.279153,1,1288.098336
-7.989058,1,1288.311667
-11.166831,1,1288.532668
-7.913024,1,1288.803779
-7.988229,1,1289.011563
-7.783631,1,1289.236635
-8.425829,1,1289.451061
-8.061871,1,1289.669996
-5.631152,1,1289.882503
-8.051712,1,1290.091347
-8.056654,1,1290.301659
-7.946088,1,1290.500566
-7.666222,1,1290.71453
-5.005694,1,1290.969642
-10.332329,2,1291.336681
-7.174264,1,1291.547517
-2.976342,1,1291.758884
-17.704874,10,1295.766953
-5.085681,1,1296.022908
-8.146784,1,1296.288047
-8.050811,1,1296.497992
-12.055747,3,1297.040733
-7.925839,1,1297.256264
-7.934712,1,1297.475847
-7.716047,1,1297.698185
-5.016247,1,1297.90435
-7.739724,1,1298.115909
-10.293258,2,1298.485667
-5.128654,1,1298.752961
-7.943514,1,1298.972776
-8.129036,1,1299.19552
-5.14049,1,1299.452766
-8.117438,1,1299.66473
-7.466787,1,1299.881435
-6.711489,2,1300.2523
-5.002732,1,1300.517675
-10.193058,2,1300.885688
-7.874722,1,1301.108011
-9.902324,3,1301.675724
-7.024075,2,1302.059322
-4.348859,1,1302.283715
-7.565821,1,1302.53727
-8.608366,1,1302.792706
-5.040777,1,1302.992564
-11.691536,1,1303.205799
-11.159026,1,1303.406734
-7.952579,1,1303.633836
-7.588118,1,1303.84015
-4.894072,1,1304.047855
-11.080432,1,1304.255949
-8.572875,1,1304.457625
-9.902022,2,1304.818236
-8.022909,1,1305.034817
-7.997193,1,1305.293423
-5.187659,1,1305.494253
-4.800907,1,1305.714653
-5.093063,1,1305.966324
-6.813776,2,1306.333229
-7.95099,1,1306.530703
-8.172972,1,1306.748025
-8.982982,3,1307.265589
-11.908911,3,1307.78548
-10.378057,2,1308.140584
-10.494901,2,1308.505683
-17.971724,6,1309.488768
-10.192337,2,1309.860184
-8.333734,1,1310.113532
-12.011532,3,1310.640081
-7.58712,1,1310.848224
-7.459808,1,1311.074982
-16.248728,5,1311.897744
-8.480094,1,1312.107697
-8.022735,1,1312.316823
-8.069292,1,1312.540778
-11.805078,3,1313.05379
-4.992148,1,1313.26072
-10.19125,2,1313.625777
-4.257749,1,1313.842896
-7.803967,1,1314.056903
-7.21499,2,1314.40516
-4.023275,1,1314.618864
-7.378071,1,1314.82667
-11.499066,1,1315.036508
-6.359498,2,1315.470877
-10.869298,1,1315.725046
-7.336844,1,1315.934419
-10.88573,1,1316.479983
-5.143973,1,1316.932545
-10.966595,1,1317.384051
-11.575643,2,1317.813625
-8.131171,1,1318.019771
-11.060273,1,1318.234042
-11.564,1,1318.453638
-7.690035,1,1318.715544
-7.901714,1,1318.974871
-8.309171,1,1319.187355
-13.644262,2,1319.691062
-5.578868,1,1319.903106
-10.363221,2,1320.261576
-7.037025,1,1320.493039
-4.296597,1,1320.691068
-10.156273,2,1321.044908
-3.171343,2,1321.455245
-17.633643,10,1325.254608
-14.704879,10,1329.378649
-19.586031,11,1334.205853
-21.992323,12,1338.283903
-10.219028,2,1338.647328
-7.968711,1,1338.914669
-7.814536,1,1339.140498
-25.093435,14,1343.802599
-10.039511,2,1344.197515
-4.806969,1,1344.471189
-11.00522,1,1344.692372
-4.920133,1,1344.927329
-4.855581,1,1345.137521
-4.768274,1,1345.354939
-8.317541,1,1345.574802
-8.135694,1,1345.790406
-7.794865,1,1346.015314
-8.12534,1,1346.285175
-4.935844,1,1346.510151
-10.043866,2,1346.882401
-13.216362,5,1347.73508
-11.008799,1,1347.997932
-10.935702,4,1348.714219
-6.400201,2,1349.135291
-7.898824,1,1349.344219
-6.504135,2,1349.708753
-4.377917,1,1349.934056
-4.49628,1,1350.138973
-8.176561,1,1350.401937
-8.526812,1,1350.944917
-11.813463,2,1351.397816
-5.182943,1,1351.61186
-4.447648,1,1351.872319
-4.63205,1,1352.086396
-7.773145,2,1352.526257
-7.48201,1,1352.740151
-7.034998,2,1353.107493
-5.138051,1,1353.342743
-12.041753,3,1353.954603
-7.567231,2,1354.320204
-10.763486,1,1354.540149
-11.738679,3,1355.049731
-8.235043,1,1355.265296
-7.416413,2,1355.619409
-7.395934,1,1355.83775
-8.566889,1,1356.198672
-5.197746,1,1356.402299
-8.241669,1,1356.620742
-7.264324,1,1356.838216
-7.844711,1,1357.043561
-10.049929,1,1357.437906
-5.004693,1,1357.653804
-11.223773,1,1357.921565
-8.356651,1,1358.124728
-11.9956,2,1358.715802
-8.225732,2,1359.067359
-8.05193,1,1359.2793
-6.993209,2,1359.681493
-4.627626,1,1359.884968
-8.551718,1,1360.102114
-8.590722,1,1360.35778
-5.518169,1,1360.573621
-6.968828,1,1360.771785
-21.003042,14,1365.38499
-5.008326,1,1365.607421
-7.998877,1,1365.820791
-5.162147,1,1366.044981
-5.001938,1,1366.252116
-7.032602,2,1366.62597
-6.973128,2,1366.998873
-8.034098,1,1367.219808
-10.149804,2,1367.60272
-10.057164,2,1368.053352
-5.021965,1,1368.328051
-4.91689,1,1368.592326
-4.615315,1,1368.784509
-8.263918,1,1369.000281
-4.829355,1,1369.208877
-8.075446,1,1369.434124
-10.017135,2,1369.816925
-14.110015,4,1370.576156
-5.016124,1,1370.795064
-7.915461,1,1371.004714
-7.994031,1,1371.276237
-16.565724,11,1375.76906
-16.583597,11,1380.238376
-12.757828,10,1382.729894
-18.510294,12,1387.542367
-21.509055,12,1392.886275
-25.794208,14,1396.129795
-4.911347,1,1396.393667
-5.006172,1,1396.670562
-7.840802,1,1396.869591
-8.168879,1,1397.085397
-8.042112,1,1397.289416
-4.863707,1,1397.508758
-7.790739,1,1397.774814
-6.976559,2,1398.191292
-7.923613,1,1398.398227
-7.883416,1,1398.609831
-7.856886,1,1398.827907
-7.93177,1,1399.037144
-5.252265,1,1399.248746
-24.936202,15,1404.060264
-5.039612,1,1404.357798
-8.002296,1,1404.57989
-5.012487,1,1404.874014
-5.017549,1,1405.10176
-4.963292,1,1405.455555
-5.036328,1,1405.770986
-8.112868,1,1405.995789
-9.880813,2,1406.409847
-7.037426,2,1406.783363
-9.040216,3,1407.374454
-8.120595,1,1407.605613
-7.860297,1,1407.82665
-5.049875,1,1408.07443
-4.980058,1,1408.288682
-7.0129,2,1408.664567
-7.971276,1,1408.872538
-5.030471,1,1409.104191
-4.893299,1,1409.319041
-8.044683,1,1409.593869
-18.953848,12,1413.60646
-11.020334,1,1413.853176
-14.635703,10,1417.840512
-16.774101,11,1422.083988
-19.937556,12,1426.169573
-8.002465,1,1426.390941
-11.004192,1,1426.647573
-21.906253,11,1429.012815
-11.021855,1,1429.293444
-26.990094,14,1432.353345
-7.999434,1,1432.680614
-12.998012,2,1433.093532
-13.00619,2,1433.618808
-11.008695,1,1433.916102
-11.02963,1,1434.210464
-10.97264,1,1434.529037
-5.003593,1,1434.732258
-16.992357,4,1435.541048
-11.976896,3,1436.198266
-13.005922,2,1436.481386
-7.992016,1,1436.743984
-12.995586,2,1437.155182
-11.010409,1,1437.356893
-10.987832,1,1437.561661
-10.977244,1,1437.807106
-10.020335,2,1438.276066
-4.989638,1,1438.515203
-5.132785,1,1438.798619
-5.009305,1,1439.098589
-10.122949,2,1439.462112
-10.748221,4,1440.210256
-10.031356,2,1440.590623
-8.192559,1,1440.853551
-12.059926,3,1441.380252
-8.174322,1,1441.604419
-8.987009,3,1442.117955
-8.001088,1,1442.338367
-16.727852,12,1446.460982
-19.577827,12,1451.75748
-14.783507,11,1456.382022
-14.761001,12,1460.527493
-15.622361,11,1464.888984
-4.944206,1,1465.289722
-12.73862,10,1469.527729
-16.745544,11,1473.94058
-5.240029,1,1474.226788
-8.092756,1,1474.432552
-4.998559,1,1474.713748
-5.057117,1,1474.979894
-5.007896,1,1475.198124
-5.080089,1,1475.41453
-8.002156,1,1475.626603
-7.111684,2,1476.009676
-8.139915,1,1476.221245
-7.936873,1,1476.447484
-8.083317,1,1476.651175
-4.979734,1,1476.932992
-7.996982,1,1477.143441
-7.067067,2,1477.516577
-5.109084,1,1477.734554
-8.06727,1,1477.966133
-8.029962,1,1478.16414
-12.020464,3,1478.701942
-8.064293,1,1478.920718
-10.121978,2,1479.407534
-4.657558,1,1479.696024
-8.195126,1,1479.959972
-7.894592,1,1480.230041
-10.028803,2,1480.63194
-5.035621,1,1480.855531
-13.073569,2,1481.216855
-19.899425,7,1482.43047
-8.133062,1,1482.645314
-4.989119,1,1482.910344
-7.698301,1,1483.119743
-7.868383,1,1483.343848
-5.12628,1,1483.554446
-11.101462,1,1483.772605
-7.891743,1,1483.984748
-3.029775,1,1484.191582
-18.441238,13,1488.977852
-12.67404,11,1493.292694
-25.794979,14,1498.079751
-10.123891,2,1498.44567
-4.904339,1,1498.658168
-5.025025,1,1498.872088
-12.809721,2,1499.253721
-4.982865,1,1499.462805
-8.01421,1,1499.676754
-3.194467,1,1499.887317
-23.682586,13,1504.155088
-4.833645,1,1504.374254
-9.048552,3,1504.946189
-4.841361,1,1505.165873
-8.123232,1,1505.367172
-7.987154,1,1505.583464
-8.023945,1,1505.799584
-4.985921,1,1506.011706
-11.124187,1,1506.23038
-5.014272,1,1506.449849
-7.9944,1,1506.665221
-14.865199,10,1510.323391
-19.841036,12,1514.595069
-8.128473,1,1516.677816
-8.200911,1,1516.88916
-4.991049,1,1517.149488
-7.778123,1,1517.358762
-8.088336,1,1517.571003
-8.083242,1,1517.834437
-4.933699,1,1518.052381
-5.00612,1,1518.258324
-7.869889,1,1518.526721
-7.878764,1,1518.751077
-8.016517,1,1518.969558
-5.119877,1,1519.185879
-8.124098,1,1519.398959
-4.946226,1,1519.617095
-4.994731,1,1519.830651
-8.3726,1,1520.050801
-7.03045,2,1520.418198
-8.011719,1,1520.630388
-4.96867,1,1520.855005
-8.008229,1,1521.120439
-7.970712,1,1521.337335
-7.835655,1,1521.539331
-5.01709,1,1521.754591
-21.725985,13,1526.250672
-12.766026,10,1530.594381
-10.961702,1,1530.829927
-14.73835,10,1535.042903
-22.851345,11,1539.603509
-7.860777,1,1539.976353
-4.93785,1,1540.232232
-8.035667,1,1540.440782
-4.691651,1,1540.671534
-8.04991,1,1540.882473
-4.950774,1,1541.108833
-10.969888,1,1541.315175
-8.155683,1,1541.52284
-7.876488,1,1541.749991
-4.982885,1,1541.971485
-25.03118,18,1546.751759
-14.89192,11,1550.55007
-20.446892,13,1555.834434
-19.851365,11,1560.190299
-7.940568,1,1560.40647
-7.077437,2,1560.839711
-10.267088,2,1561.208304
-7.973089,1,1561.419698
-4.912779,1,1561.63647
-5.071388,1,1561.854241
-10.058836,2,1562.278511
-24.683371,16,1568.096753
-29.309455,16,1574.537069
-19.72403,11,1579.272789
-7.685019,1,1579.477275
-8.13486,1,1579.70562
-6.951296,2,1580.08865
-6.93157,2,1580.458658
-8.278752,1,1580.68245
-5.390041,1,1580.888886
-8.146349,1,1581.118558
-8.114856,1,1581.333043
-8.012331,1,1581.550203
-10.288291,2,1581.936213
-4.614928,1,1582.196425
-7.976492,1,1582.405521
-7.721262,1,1582.666598
-7.839715,1,1582.897334
-24.077286,13,1587.285909
-5.006764,1,1587.544888
-11.059922,1,1587.849116
-8.084871,1,1588.065742
-7.969128,1,1588.278436
-8.012566,1,1588.4961
-4.982936,1,1588.715229
-7.986478,1,1588.935915
-8.025253,1,1589.193524
-8.020953,1,1589.401991
-2.926184,1,1589.607578
-14.719419,10,1593.338235
-14.668958,11,1597.585249
-7.946824,1,1597.805531
-16.747661,12,1602.28545
-5.016964,2,1602.775333
-8.026952,1,1602.984838
-7.660165,1,1603.194737
-8.037872,1,1603.406486
-8.128908,1,1603.618615
-9.92648,2,1603.987739
-7.954137,1,1604.201566
-8.098189,1,1604.426819
-8.008199,1,1604.681861
-10.055291,2,1605.061015
-8.081171,1,1605.318221
-4.611099,1,1605.53801
-8.367854,1,1605.753145
-8.364767,1,1605.957382
-8.144059,1,1606.1585
-7.753472,1,1606.365618
-7.855293,1,1606.576819
-7.87067,1,1606.78385
-10.842397,1,1606.992174
-7.859673,1,1607.263201
-7.732451,1,1607.465121
-8.257949,1,1607.679441
-8.472981,1,1607.897717
-5.383695,1,1608.107821
-7.891717,1,1608.303701
-7.993044,1,1608.514911
-3.728831,1,1608.774182
-2.956315,1,1608.985299
-20.662025,11,1612.862554
-6.923377,2,1613.786604
-22.752952,11,1618.06538
-7.061218,2,1618.502174
-7.138531,2,1618.928164
-7.938245,1,1619.146371
-5.041436,1,1619.354107
-12.050811,3,1619.894417
-7.870973,1,1620.126835
-4.95152,1,1620.32304
-5.075492,1,1620.544991
-8.362325,1,1620.763606
-7.755383,1,1620.98149
-10.387367,2,1621.375406
-7.946692,1,1621.629348
-10.015064,2,1622.009227
-5.000655,1,1622.282888
-4.881396,1,1622.495827
-6.960546,2,1622.872231
-23.086406,11,1626.546828
-4.846485,1,1626.781426
-8.00878,1,1626.995378
-8.155399,1,1627.207785
-8.057974,1,1627.430374
-8.066606,1,1627.629303
-7.934409,1,1627.847061
-8.052615,1,1628.056184
-10.047302,2,1628.430175
-8.085575,1,1628.649783
-7.814929,1,1628.865582
-4.841861,1,1629.129483
-4.765569,1,1629.347011
-4.837469,1,1629.557316
-8.067457,1,1629.77374
-4.840611,1,1629.990529
-7.94874,1,1630.205932
-8.352209,1,1630.423437
-10.164021,2,1630.796312
-7.95337,1,1631.014408
-4.533366,1,1631.232708
-7.914016,1,1631.448485
-10.848332,1,1631.653845
-4.849938,1,1631.879176
-8.825259,3,1632.418383
-8.371473,1,1632.687395
-7.945984,1,1632.963439
-7.907499,1,1633.166518
-8.717557,3,1633.707861
-7.969529,1,1633.908417
-11.77562,3,1634.446891
-7.969206,1,1634.658144
-5.003788,1,1634.8777
-21.132396,12,1638.731027
-7.930964,1,1638.957682
-8.010484,1,1639.217898
-9.981714,2,1639.592686
-5.050403,1,1639.805155
-8.011392,1,1640.018363
-5.089835,1,1640.241752
-7.952937,1,1640.446938
-7.952064,1,1640.663988
-5.172643,1,1640.929642
-9.049463,3,1641.454038
-7.854706,1,1641.715995
-8.311421,1,1641.932839
-7.005792,2,1642.319323
-7.650429,1,1642.517956
-5.010392,1,1642.739922
-7.96801,1,1642.947158
-11.135589,1,1643.170287
-5.001264,1,1643.430759
-4.940985,1,1643.649328
-7.960759,1,1643.864072
-8.021141,1,1644.068413
-8.081557,1,1644.27382
-7.700216,1,1644.477769
-5.057119,1,1644.687389
-7.983538,1,1644.921032
-8.031617,1,1645.117017
-10.883459,1,1645.379923
-8.018461,1,1645.599372
-7.859015,1,1645.806994
-7.844726,1,1646.025806
-8.118832,1,1646.24269
-8.034898,1,1646.449979
-5.06883,1,1646.657307
-8.187273,1,1646.875767
-8.166022,1,1647.081312
-8.157685,1,1647.348288
-8.057363,1,1647.565247
-4.885107,1,1647.776718
-5.065822,1,1647.992501
-4.88164,1,1648.203017
-5.04455,1,1648.424537
-8.122106,1,1648.628053
-4.9742,1,1648.838393
-5.227403,1,1649.059002
-7.960876,1,1649.329736
-20.150547,12,1653.184133
-8.069128,1,1653.397229
-7.14587,2,1653.812039
-3.21281,1,1654.022444
-22.758939,10,1657.760716
-24.675288,11,1661.976364
-10.007219,2,1662.41237
-4.999305,1,1662.616736
-8.019883,1,1662.824615
-5.002465,1,1663.091795
-25.017973,11,1665.499543
-8.025915,1,1665.666882
-13.001423,2,1666.084279
-11.007727,1,1666.29449
-4.993536,1,1666.515142
-5.006161,1,1666.729803
-16.979429,4,1667.602575
-7.997521,1,1667.885377
-14.987462,3,1668.397207
-11.005572,4,1669.082533
-13.002946,2,1669.380566
-4.999315,1,1669.590723
-10.993632,1,1669.867708
-10.992158,1,1670.111014
-27.020507,13,1673.085356
-8.042289,1,1673.60929
-11.024031,1,1674.066552
-8.013436,1,1674.491614
-10.991298,4,1675.57659
-11.015788,1,1675.976809
-13.943044,4,1677.159481
-13.004454,2,1677.689873
-19.955906,11,1680.09492
-5.007643,1,1680.324558
-7.994741,1,1680.518672
-12.93627,5,1681.65459
-16.745103,7,1685.422155
-20.629783,10,1688.573203
-7.995135,1,1688.871542
-10.004355,2,1689.475023
-13.007171,2,1689.948282
-10.989856,1,1690.206344
-9.954587,2,1690.674133
-9.016542,3,1691.303759
-11.017144,1,1691.511314
-4.994324,1,1691.786098
-11.009405,1,1691.989295
-16.008441,10,1694.392389
-7.999711,1,1694.601756
-15.000653,3,1695.224441
-16.996188,4,1696.020625
-5.003246,1,1696.294631
-12.006147,3,1696.947848
-4.994242,1,1697.242499
-8.910385,3,1698.53723
-19.50139,12,1703.693478
-16.784867,12,1706.825052
-5.032308,1,1707.049596
-4.938595,1,1707.317115
-8.013305,1,1707.533392
-8.036108,1,1707.74485
-11.080616,1,1707.958615
-8.067365,1,1708.180255
-7.904864,1,1708.410067
-11.994889,3,1708.942952
-8.192693,1,1709.173499
-8.022699,1,1709.443154
-8.615831,1,1709.718084
-5.035972,1,1709.935337
-6.605747,2,1710.350469
-8.244137,1,1710.639825
-7.676174,1,1710.907054
-5.143512,1,1711.199369
-8.240791,1,1711.42108
-7.776766,1,1711.644295
-4.72795,1,1711.901436
-7.95396,1,1712.114373
-4.647538,1,1712.324515
-5.10654,1,1712.545423
-8.136801,1,1712.747071
-7.94027,1,1712.977041
-7.3544,1,1713.172094
-8.128708,1,1713.389643
-5.426914,1,1713.594911
-5.296756,1,1713.84811
-10.974382,1,1714.053154
-7.997378,1,1714.261251
-7.962101,1,1714.46039
-4.978181,1,1714.674338
-7.814991,1,1714.909841
-8.445069,1,1715.167306
-7.52557,1,1715.375835
-8.119117,1,1715.576267
-7.935192,1,1715.782651
-5.212606,1,1715.995193
-8.010138,1,1716.217043
-8.670459,1,1716.414798
-7.467136,1,1716.629771
-8.513195,1,1716.837151
-7.859223,1,1717.10114
-8.187015,1,1717.312177
-7.709899,1,1717.553011
-11.115983,1,1717.764034
-8.092901,1,1718.206962
-24.741065,15,1723.475131
-16.70042,14,1728.602172
-8.125921,1,1728.857951
-11.000776,1,1729.12728
-7.983946,1,1729.356247
-7.970013,1,1729.559774
-8.273205,1,1729.777219
-4.573711,1,1729.998513
-18.853338,12,1734.082615
-8.004746,1,1734.343208
-11.023983,1,1734.647496
-10.994162,1,1734.945756
-11.005889,1,1735.230602
-16.029091,14,1738.334188
-10.999879,1,1738.609081
-13.007248,2,1738.977779
-11.066751,1,1739.320888
-7.922634,1,1739.533487
-21.086627,14,1744.038365
-8.01535,1,1744.313788
-7.993487,1,1744.539605
-10.914294,1,1744.751285
-8.077454,1,1744.984072
-8.327213,1,1745.185296
-5.09988,1,1745.409577
-7.880795,1,1745.627942
-5.276693,1,1745.83266
-7.985461,1,1746.039131
-7.992708,1,1746.301251
-10.999969,1,1746.524017
-4.836179,1,1746.736271
-7.898712,1,1746.957524
-5.009606,1,1747.185428
-8.187883,1,1747.38708
-4.995756,1,1747.596543
-7.907145,1,1747.813371
-8.110286,1,1748.029108
-8.001793,1,1748.292257
-7.915047,1,1748.522335
-4.992062,1,1748.734321
-5.02174,1,1748.941958
-10.909169,1,1749.159339
-4.965557,1,1749.375786
-7.918833,1,1749.587963
-5.374001,1,1749.802083
-5.024602,1,1750.020125
-8.042251,1,1750.276834
-7.994512,1,1750.492785
-4.97244,1,1750.702739
-5.076969,1,1750.915406
-5.50254,1,1751.127817
-5.282344,1,1751.349502
-8.076648,1,1751.554543
-8.107073,1,1751.758976
-7.662632,1,1751.970862
-4.734581,1,1752.229413
-5.073149,1,1752.457323
-7.986444,1,1752.670403
-8.145179,1,1752.875363
-7.060474,2,1753.24106
-7.713319,1,1753.44965
-8.168491,1,1753.664901
-14.64465,10,1757.343169
-11.030227,1,1757.563154
-10.077798,2,1757.967462
-8.022471,1,1758.171596
-7.992426,1,1758.378655
-11.904279,3,1758.913027
-7.975776,1,1759.123367
-6.991334,2,1759.49465
-4.956891,1,1759.709754
-5.06901,1,1759.983824
-5.001651,1,1760.206553
-12.032187,3,1760.727011
-5.078738,1,1760.935109
-5.10237,1,1761.153053
-9.855087,2,1761.522718
-12.024643,3,1762.03922
-10.114298,2,1762.421036
-8.113031,1,1762.632281
-4.47575,1,1762.832879
-13.613059,2,1763.190607
-8.265568,1,1763.395173
-7.971526,1,1763.603355
-7.045096,2,1763.968071
-7.980593,1,1764.16861
-8.161387,1,1764.375849
-7.819534,1,1764.591338
-5.243246,1,1765.184199
-7.393653,1,1765.437966
-3.04937,1,1765.651684
-16.701125,11,1769.511217
-19.123464,12,1773.456841
-8.360507,1,1773.671652
-7.919899,1,1773.888053
-5.003905,1,1774.105434
-5.249217,1,1774.334296
-7.633372,1,1774.554445
-5.286396,1,1774.759579
-10.965624,1,1774.97477
-10.418905,2,1775.358882
-7.562805,1,1775.625523
-8.213333,1,1775.837322
-12.007461,3,1776.371069
-7.616176,1,1776.639358
-5.012543,1,1776.847855
-7.917933,1,1777.064996
-7.962092,1,1777.275221
-7.962227,1,1777.497316
-8.448599,1,1777.719616
-5.16573,1,1777.919019
-8.063669,1,1778.132594
-8.300478,1,1778.328443
-7.787208,1,1778.539434
-5.121087,1,1778.789296
-7.971054,1,1778.999721
-8.205827,1,1779.271175
-8.117186,1,1779.480211
-7.452576,1,1779.686327
-5.031302,1,1779.893318
-7.769013,1,1780.09536
-7.484409,1,1780.302188
-8.416394,1,1780.501863
-8.207104,1,1780.705613
-8.509829,1,1780.911888
-8.157728,1,1781.120495
-8.064977,1,1781.344859
-3.557645,1,1781.60325
-16.542613,11,1785.323908
-6.989388,2,1786.273038
-7.99721,1,1786.700416
-16.855829,8,1788.550442
-7.973996,1,1788.770488
-10.992184,1,1789.013654
-19.000073,5,1789.758876
-7.999732,1,1789.971262
-20.075262,11,1792.238804
-5.008246,1,1792.44239
-14.996495,11,1794.9334
-11.001066,1,1795.292099
-7.991102,1,1795.709268
-10.009537,2,1796.323039
-19.958889,12,1798.814063
-15.003142,3,1799.339705
-4.96719,1,1799.576733
-13.005508,2,1800.023212
-12.003544,3,1800.676039
-10.004843,2,1801.118921
-17.185566,12,1806.276871
-22.833289,12,1808.787901
-19.0069,5,1809.865447
-23.118536,13,1812.899086
-26.626764,13,1816.269542
-18.875952,8,1818.144487
-17.7263,11,1821.197766
-8.028844,1,1821.50637
-10.99456,1,1821.886748
-19.004078,8,1823.74502
-7.999978,1,1824.168417
-6.985166,2,1824.817181
-10.031589,2,1825.288425
-4.998909,1,1825.597446
-8.006562,1,1825.927566
-7.967489,1,1826.238841
-5.00078,1,1826.549577
-10.001388,2,1827.098402
-7.995968,1,1827.393808
-7.993484,1,1827.681075
-11.03104,1,1827.818037
-8.009315,1,1828.165529
-22.732618,15,1832.3196
-20.630736,11,1835.318824
-7.952166,1,1835.576768
-16.64398,13,1838.668115
-7.988129,1,1838.887111
-18.043832,14,1841.918855
-8.003706,1,1842.153167
-8.005055,1,1842.424612
-18.079444,6,1843.916937
-12.997444,2,1844.653369
-6.955882,2,1845.020239
-4.948525,1,1845.230577
-18.946944,10,1848.735865
-9.99467,2,1849.123785
-7.804417,1,1849.339826
-10.069911,2,1849.714541
-10.043916,2,1850.084956
-10.951428,1,1850.297615
-4.835061,1,1850.525722
-5.002783,1,1850.731684
-10.913627,9,1854.017981
-14.492038,11,1858.889049
-14.479984,12,1863.928684
-14.358307,12,1869.208623
-15.061031,12,1873.943909
-8.033324,1,1874.166473
-4.979511,1,1874.419815
-8.025019,1,1874.632684
-5.154071,1,1874.85239
-8.010705,1,1875.065526
-5.026847,1,1875.27439
-7.925602,1,1875.489276
-4.866121,1,1875.69687
-7.894265,1,1875.900475
-7.848929,1,1876.113237
-5.300846,1,1876.329364
-5.09404,1,1876.544692
-8.085292,1,1876.808731
-4.967444,1,1877.015148
-5.079759,1,1877.237581
-7.954515,1,1877.45161
-8.083508,1,1877.662228
-4.800177,1,1877.874669
-5.006441,1,1878.086518
-10.167043,2,1878.462809
-6.77944,2,1878.844092
-4.904678,1,1879.060583
-8.33208,1,1879.282322
-8.318934,1,1879.545906
-8.402532,1,1879.760685
-4.993241,1,1879.981706
-10.184343,2,1880.347526
-7.997338,1,1880.566005
-5.216476,1,1880.76592
-5.052818,1,1881.154315
-9.698752,1,1881.488379
-14.52332,12,1885.7143
-16.849152,12,1890.320961
-6.995171,2,1890.701735
-4.903983,1,1890.955996
-4.918017,1,1891.167651
-7.870612,1,1891.383426
-7.901779,1,1891.5906
-6.882998,2,1891.969381
-5.160328,1,1892.179284
-6.98483,2,1892.565325
-4.877198,1,1892.824241
-7.772113,1,1893.033915
-8.014364,1,1893.250583
-8.004896,1,1893.461202
-7.995959,1,1893.67251
-8.007358,1,1893.894617
-4.906696,1,1894.097114
-7.740182,1,1894.31036
-8.15691,1,1894.515202
-5.05089,1,1894.732299
-7.856528,1,1895.003593
-4.998009,1,1895.221433
-5.277597,1,1895.419468
-7.856515,1,1895.634073
-8.162896,1,1895.846268
-8.03903,1,1896.055969
-5.061526,1,1896.268707
-6.11724,1,1896.472134
-18.531031,15,1901.44503
-17.673435,12,1905.946151
-22.70529,15,1911.183625
-18.51249,13,1916.253044
-10.674175,9,1920.164258
-4.974225,1,1920.414106
-12.927609,11,1922.755148
-5.046681,1,1922.962862
-7.917959,1,1923.182423
-10.064254,2,1923.545335
-7.984493,1,1923.754864
-7.988137,1,1923.96432
-4.816732,1,1924.183112
-5.000726,1,1924.459804
-5.072166,1,1924.661956
-7.997543,1,1924.931852
-7.887542,1,1925.146712
-8.016344,1,1925.36338
-12.960545,5,1926.250098
-10.163713,2,1926.625942
-8.198194,1,1926.837621
-13.023837,11,1929.096239
-8.315089,1,1929.316644
-9.963127,2,1929.734922
-8.045563,1,1929.954942
-8.020857,1,1930.161386
-4.94529,1,1930.36901
-4.877522,1,1930.592048
-8.048051,1,1930.79841
-8.087052,1,1931.012419
-7.996935,1,1931.217121
-8.349507,1,1931.432785
-8.162315,1,1931.695965
-7.971864,1,1931.93327
-8.113589,1,1932.135044
-18.162795,11,1935.901995
-5.244574,1,1936.116318
-4.891854,1,1936.380885
-7.911021,1,1936.607604
-8.079603,1,1936.810188
-11.124213,1,1937.036971
-5.027382,1,1937.245364
-8.081805,1,1937.462917
-8.00119,1,1937.670076
-8.060367,1,1937.88655
-5.0111,1,1938.111218
-7.914869,1,1938.321649
-9.868371,2,1938.741066
-7.906243,1,1938.951151
-7.992836,1,1939.170083
-4.695735,1,1939.387103
-8.054998,1,1939.588327
-8.029251,1,1939.811146
-7.925522,1,1940.022748
-5.016665,1,1940.232212
-5.215893,1,1940.451568
-7.693099,1,1940.708208
-14.589632,11,1943.007402
-8.02395,1,1943.424278
-7.910098,1,1943.604834
-7.917804,1,1943.810001
-7.99395,1,1944.021802
-4.795449,1,1944.233373
-7.848687,1,1944.450401
-7.997036,1,1944.706206
-8.007667,1,1944.913688
-8.306643,1,1945.13233
-8.106672,1,1945.344556
-8.011829,1,1945.559722
-8.170009,1,1945.774681
-4.982079,1,1945.985418
-7.028825,2,1946.361238
-18.618014,12,1950.478686
-14.688315,10,1954.50662
-17.044597,11,1958.710314
-5.011791,1,1958.915537
-7.898756,1,1959.130424
-8.197105,1,1959.335622
-5.019659,1,1959.544634
-8.071738,1,1959.754443
-7.94354,1,1959.969362
-5.039217,1,1960.185086
-7.925631,1,1960.399532
-5.011165,1,1960.655065
-8.110319,1,1960.868653
-5.029916,1,1961.084074
-7.827241,1,1961.2917
-8.094341,1,1961.505278
-8.018394,1,1961.723299
-8.025147,1,1961.933773
-8.034582,1,1962.158313
-7.923881,1,1962.420003
-8.024491,1,1962.636078
-8.071859,1,1962.857707
-12.980206,2,1963.219906
